segment_id,frame_number,source_frame_index,mse,mae,psnr
SEG_2726497009_00003,0,539,0.0252852663397789,0.12256255745887756,15.971324674106304
SEG_2726497009_00003,1,564,0.022561945021152496,0.11513891816139221,16.466234633969318
SEG_2726497009_00003,2,590,0.02182858996093273,0.11351705342531204,16.60974317060634
SEG_2726497009_00003,3,616,0.021183455362915993,0.11219307035207748,16.74003198022158
SEG_2726497009_00003,4,641,0.022537918761372566,0.11460904031991959,16.470861908712603
SEG_2726497009_00003,5,667,0.023953862488269806,0.11890390515327454,16.20624447924063
SEG_2726497009_00003,6,693,0.026469578966498375,0.12323526293039322,15.77252966669211
SEG_2726497009_00003,7,719,0.02690008282661438,0.122528076171875,15.702463827824914
SEG_2726497009_00006,0,1079,0.026726193726062775,0.12477182596921921,15.730628879128615
SEG_2726497009_00006,1,1104,0.02878761477768421,0.12946997582912445,15.407943174700735
SEG_2726497009_00006,2,1130,0.02871377021074295,0.12943966686725616,15.419097794916578
SEG_2726497009_00006,3,1156,0.027577349916100502,0.12739916145801544,15.594474702889523
SEG_2726497009_00006,4,1181,0.027331888675689697,0.1264098435640335,15.633303568514478
SEG_2726497009_00006,5,1207,0.02618381194770336,0.12367516756057739,15.819671267944615
SEG_2726497009_00006,6,1233,0.025547653436660767,0.12217167764902115,15.926489838388811
SEG_2726497009_00006,7,1259,0.02521269954741001,0.12255045771598816,15.983806515160705
SEG_3121571439_00000,0,0,0.037856873124837875,0.15704287588596344,14.218552604385161
SEG_3121571439_00000,1,25,0.03413263335824013,0.14635245501995087,14.668302042840747
SEG_3121571439_00000,2,51,0.03682522103190422,0.15226173400878906,14.338546377603283
SEG_3121571439_00000,3,77,0.034842196851968765,0.14653195440769196,14.57894469892593
SEG_3121571439_00000,4,102,0.030177300795912743,0.1325513869524002,15.20319608227258
SEG_3121571439_00000,5,128,0.02918819524347782,0.12536923587322235,15.347927573597069
SEG_3121571439_00000,6,154,0.028512923046946526,0.12525951862335205,15.449582580294914
SEG_3121571439_00000,7,180,0.03073655627667904,0.13178293406963348,15.12344792458112
SEG_3471421544_00008,0,1439,0.010561044327914715,0.0705096498131752,19.762931345081252
SEG_3471421544_00008,1,1464,0.009569981135427952,0.06912799924612045,20.190889183138164
SEG_3471421544_00008,2,1490,0.009736265055835247,0.06724707037210464,20.11607611573416
SEG_3471421544_00008,3,1515,0.009415308944880962,0.06878446787595749,20.26165424892598
SEG_3471421544_00008,4,1541,0.009604090824723244,0.06906602531671524,20.17543741525296
SEG_3471421544_00008,5,1566,0.009559106081724167,0.06806113570928574,20.195827188040507
SEG_3471421544_00008,6,1592,0.009072797372937202,0.0665096715092659,20.422587883179062
SEG_3471421544_00008,7,1618,0.010008526965975761,0.06847340613603592,19.9962983636915
SEG_4483447009_00001,0,180,0.016862452030181885,0.09721120446920395,17.73079272786722
SEG_4483447009_00001,1,205,0.02449742890894413,0.11678779125213623,16.108794939722873
SEG_4483447009_00001,2,231,0.024124978110194206,0.11828669160604477,16.175330720412134
SEG_4483447009_00001,3,257,0.024773912504315376,0.1255539506673813,16.060054005658298
SEG_4483447009_00001,4,282,0.016898242756724358,0.10364475101232529,17.721584551932523
SEG_4483447009_00001,5,308,0.022369645535945892,0.11861708015203476,16.50340897575359
SEG_4483447009_00001,6,334,0.024735821411013603,0.12167951464653015,16.066736632926272
SEG_4483447009_00001,7,360,0.024812763556838036,0.12163981050252914,16.05324862868224
SEG_5586394125_00000,0,0,0.0268538985401392,0.12640689313411713,15.709926562748823
SEG_5586394125_00000,1,25,0.02423369698226452,0.11595902591943741,16.155803268232432
SEG_5586394125_00000,2,51,0.024657702073454857,0.11703475564718246,16.080473990833198
SEG_5586394125_00000,3,77,0.025411976501345634,0.1188756600022316,15.949615549321104
SEG_5586394125_00000,4,102,0.024008197709918022,0.1153760477900505,16.196404411098257
SEG_5586394125_00000,5,128,0.026701612398028374,0.12641657888889313,15.734625126270657
SEG_5586394125_00000,6,154,0.024206748232245445,0.11598492413759232,16.160635467681914
SEG_5586394125_00000,7,180,0.021380094811320305,0.11084038019180298,16.699903732178893
SEG_5766018720_00003,0,539,0.025699399411678314,0.1225084662437439,15.900770258999026
SEG_5766018720_00003,1,564,0.02992720901966095,0.1334119588136673,15.239337831223388
SEG_5766018720_00003,2,590,0.027185039594769478,0.12325391173362732,15.65670030115742
SEG_5766018720_00003,3,616,0.03008711338043213,0.13323695957660675,15.216194773674733
SEG_5766018720_00003,4,641,0.0297390129417181,0.1316293627023697,15.266734501072408
SEG_5766018720_00003,5,667,0.03414655104279518,0.13402493298053741,14.666531554883147
SEG_5766018720_00003,6,693,0.027961142361164093,0.12462079524993896,15.534450893278162
SEG_5766018720_00003,7,719,0.03223368898034096,0.13482694327831268,14.916899888678657
SEG_5987365500_00000,0,0,0.023150736466050148,0.101220041513443,16.354351887473566
SEG_5987365500_00000,1,25,0.020305423066020012,0.09654819965362549,16.92387957500027
SEG_5987365500_00000,2,51,0.020325712859630585,0.09623614698648453,16.91954213971291
SEG_5987365500_00000,3,77,0.022361457347869873,0.10126206278800964,16.504998958878826
SEG_5987365500_00000,4,102,0.01932104118168354,0.09235122799873352,17.139694738172146
SEG_5987365500_00000,5,128,0.02075054682791233,0.09757672995328903,16.829704540740234
SEG_5987365500_00000,6,154,0.018821561709046364,0.09218893200159073,17.2534434406062
SEG_5987365500_00000,7,180,0.01953820325434208,0.0930321142077446,17.091153767791052
SEG_5987365500_00001,0,180,0.01953820325434208,0.0930321142077446,17.091153767791052
SEG_5987365500_00001,1,205,0.020990625023841858,0.09546419233083725,16.77974629527927
SEG_5987365500_00001,2,231,0.021624883636832237,0.09602712839841843,16.650462207888186
SEG_5987365500_00001,3,257,0.021463124081492424,0.09519881755113602,16.683070637025263
SEG_5987365500_00001,4,282,0.022401748225092888,0.09739211201667786,16.497180881442034
SEG_5987365500_00001,5,308,0.022403523325920105,0.0984017625451088,16.496836762784653
SEG_5987365500_00001,6,334,0.02122923545539379,0.0958966314792633,16.730656461299283
SEG_5987365500_00001,7,360,0.019980987533926964,0.0931127667427063,16.99383051148246
SEG_11503803033_00000,0,0,0.028597628697752953,0.1259206235408783,15.436699768771359
SEG_11503803033_00000,1,25,0.025760265067219734,0.12006125599145889,15.890496724986154
SEG_11503803033_00000,2,51,0.023348242044448853,0.10996947437524796,16.317458131336934
SEG_11503803033_00000,3,77,0.021724266931414604,0.10342049598693848,16.63054869563437
SEG_11503803033_00000,4,102,0.021714478731155396,0.10270138829946518,16.632505916713132
SEG_11503803033_00000,5,128,0.019534386694431305,0.09783682972192764,17.092002194228378
SEG_11503803033_00000,6,154,0.020836563780903816,0.09667456150054932,16.811739002495607
SEG_11503803033_00000,7,180,0.021105101332068443,0.10174728184938431,16.756125583234788
